name,category,city,district,address,tel,pet_policy,fee,notes,source,last_updated,confidence,friendliness_level
锦园酒店(望京科技园华彩中心店),hotel,北京,朝阳区,望京北路39号10号楼1层,18500314568,宠物友好房型,未知,笙品大床房-宠物友好,同程,2026-07-28,高,1
锦江之星风尚(东直门三里屯店),hotel,北京,东城区,东直门外南二里庄29号1幢,010-64934221,猫猫宠物房/狗狗宠物房,未知,经济型,同程,2026-07-28,高,2
建国璞隐酒店(环球度假区店),hotel,北京,通州区,梨园镇京洲南街58号,,收费携带宠物,收费,近环球度假区,携程,2026-07-28,高,1
北京出去玩儿宠物友好民宿,hotel,北京,延庆区,近八达岭,,允许携带宠物免费,免费,可带狗猫;押金500,携程,2026-07-28,高,1
MARSMART火星宠物超市+早晚咖啡,cafe,北京,朝阳区,百子湾路16号百子园17号楼1层105,,宠物友好,未知,宠物超市+咖啡,visitbeijing,2026-07-28,低,1
The Rug(朝阳公园店),restaurant,北京,朝阳区,朝阳公园南路丽水嘉园4号楼1层,,宠物友好+宠物菜单,未知,西餐/brunch,visitbeijing,2026-07-28,低,1
南霂92号-东南亚美食,restaurant,北京,朝阳区,东四环中路92号院37号楼2层,,宠物友好(建议预订角落位),未知,东南亚菜;门口有草地,visitbeijing,2026-07-28,低,1
喜庆火锅-火车主题餐厅,restaurant,北京,朝阳区,半截塔路55号七棵树文创园C9,,宠物友好(建议订包厢),未知,重庆火锅;绿皮车厢,visitbeijing,2026-07-28,低,1
SOAP coffee,cafe,北京,朝阳区,酒仙桥十里居48号燕莎后2号楼底商2-07,,宠物友好,未知,韩系简约,visitbeijing,2026-07-28,低,1
ZENG餐厅(马家堡店),restaurant,北京,丰台区,嘉园南街马家堡街道社区文化中心东侧,,宠物友好,未知,创意融合菜,头条,2026-07-28,低,1
光合作用coffee(丰台科技园店),cafe,北京,丰台区,丰台科技园9号楼创新中心一层东北角,,未知,未知,安静;适合办公自习,头条,2026-07-28,低,2
小意思咖啡(草桥店),cafe,北京,丰台区,草桥世界花卉大观园北门花朝街园内,,宠物友好,未知,室内外可携宠;屋后有草坪,头条,2026-07-28,低,1
喏町咖啡(南中轴店),cafe,北京,丰台区,,宠物友好(提供饮用水),未知,户外区域佳,头条,2026-07-28,,低,2
VOYAGE COFFEE(798店),cafe,北京,朝阳区,798艺术区,,宠物友好,未知,店员主动端水给宠物,百度,2026-07-28,低,1
孟林厨房,restaurant,北京,朝阳区,798艺术区,,宠物友好(室内可带狗),未知,云南口味川菜,百度,2026-07-28,低,1
白小狗号,cafe,北京,朝阳区,798艺术区,,宠物友好,未知,萨摩耶主题,百度,2026-07-28,低,1
Tian Roast咖啡(798二店),cafe,北京,朝阳区,798艺术区,,宠物友好,未知,户外座位;宠物奶油杯,百度,2026-07-28,低,1
cabo coffee,cafe,北京,朝阳区,北京街13号,,宠物友好(室外),未知,东京拿铁,网易,2026-07-28,低,1
得劲儿咖啡馆,cafe,北京,朝阳区,朝阳路小庄6号2号楼,,宠物友好,未知,有手冲,网易,2026-07-28,低,1
the bake shop,cafe,北京,东城区,宝钞胡同63号,,宠物可进室内,未知,偶尔有宠物活动;送宠物零食,网易,2026-07-28,低,2
苟市酒馆,cafe,北京,朝阳区,呼家楼北里小区8号,,宠物友好,未知,精酿啤酒;老板爱狗,网易,2026-07-28,低,1
Panorama,restaurant,北京,朝阳区,三里屯路机电院81号楼,,宠物友好,未知,法式复古;西餐,网易,2026-07-28,低,1
摩卡站(三里屯店),restaurant,北京,朝阳区,三里屯那里花园1层,,宠物友好,未知,轻食,网易,2026-07-28,低,1
toast at the orchid,restaurant,北京,东城区,宝钞胡同65号,,宠物友好,未知,地中海&以色列菜,网易,2026-07-28,低,1
His & Hers 歇歇角农场咖啡,cafe,北京,怀柔区,,宠物友好,未知,农场咖啡;工作日人少,大众点评,2026-07-28,,低,2
Wolfing coffee(卫星厂店),cafe,北京,,卫星厂园区,,宠物友好,未知,整个园区宠物友好,大众点评,2026-07-28,中,1
爱江山park coffee,cafe,北京,,,宠物友好,未知,户外空间大;有草坪,大众点评,2026-07-28,,低,2
LOOSEGOOSE大鹅咖啡(甜水园店),cafe,北京,朝阳区,甜水园,,宠物友好,未知,,大众点评,2026-07-28,中,1
Hooooot Dog宠物咖啡,cafe,北京,,,宠物友好,未知,网红店;狗多,大众点评,2026-07-28,,低,2
ONSITEEE(星火西路店),cafe,北京,朝阳区,星火西路,,宠物友好,未知,网红店,大众点评,2026-07-28,中,1
老山城市休闲公园,park,北京,石景山区,老山南路与上庄大街交叉口西北角,,宠物友好需牵绳,免费,免费免预约;懒人爬山,visitbeijing,2026-07-28,低,1
大兴狼垡城市森林公园,park,北京,大兴区,芦求路与京良路交叉口附近,,官方认证宠物友好,免费,需养犬登记证+疫苗证明;24小时,visitbeijing,2026-07-28,低,1
崔家窑湿地公园,park,北京,海淀区,宏丰渠东路与大牛房五巷交叉口东北角,,宠物友好需牵绳,免费,2万平米水系,visitbeijing,2026-07-28,低,1
黄草湾郊野公园,park,北京,朝阳区,大屯街道北五环路,,宠物友好需牵绳,免费,地广人稀;全天,visitbeijing,2026-07-28,低,1
CKC国际宠物公园,park,北京,通州区,宋庄镇大邓各庄村西南角,,宠物主题乐园,游泳池50元/只,超10万平米,visitbeijing,2026-07-28,低,2
法海寺森林公园,park,北京,石景山区,翠微山南麓模式口28号,,公园可带宠物(寺院不能进),免费,休闲步道,visitbeijing,2026-07-28,低,2
青龙湖森林公园,park,北京,房山区,,可遛狗(野),免费,大绿地无遮挡,头条,2026-07-28,,低,2
首钢园·永定河集,park,北京,石景山区,,宠物友好citywalk,免费,沿河草坪开阔,头条,2026-07-28,,低,2
槐新公园,park,北京,丰台区,,可遛狗(可露营),免费,人少树多安静,头条,2026-07-28,,低,2
丽泽滨水文化公园(二期),park,北京,丰台区,,可遛狗,免费,草坪大,头条,2026-07-28,,低,2
南苑公园,park,北京,丰台区,,可遛狗,免费,草坪大;傍晚晚霞,头条,2026-07-28,,低,2
天元公园,park,北京,丰台区,,可遛狗,免费,银杏季出片,头条,2026-07-28,,低,2
红星集体农庄纪念公园,park,北京,大兴区,,可遛狗,免费,开放式;大片空地,头条,2026-07-28,,低,2
北臧村郊野公园,park,北京,大兴区,,可遛狗,免费,人少地大;可玩水,头条,2026-07-28,,低,2
通明湖公园,park,北京,通州区,,可遛狗,免费,湿地公园;安静,头条,2026-07-28,,低,2
红领巾公园,park,北京,朝阳区,,可遛狗,免费,冬天可滑冰,头条,2026-07-28,,低,2
马家湾公园,park,北京,朝阳区,,可遛狗,免费,面积大,头条,2026-07-28,,低,2
中关村森林公园,park,北京,海淀区,,可遛狗(可露营过夜),免费,够野够大,头条,2026-07-28,,低,2
园外园茶棚公园,park,北京,海淀区,,可遛狗,免费,人少安静,头条,2026-07-28,,低,2
东风公园,park,北京,朝阳区,,免费儿童公园+收费宠物乐园,部分收费,适合全家,头条,2026-07-28,,低,1
镇海寺郊野公园,park,北京,朝阳区,,可遛狗(可露营),免费,人少草坪大,头条,2026-07-28,,低,2
勇士营郊野公园,park,北京,朝阳区,,可遛狗,免费,有大草坪,头条,2026-07-28,,低,2
绿堤公园,park,北京,丰台区,,可遛狗,免费,绿荫大,头条,2026-07-28,,低,2
云岗森林公园,park,北京,丰台区,,可遛狗,免费,人少树多,头条,2026-07-28,,低,2
新发地海子公园,park,北京,丰台区,,可遛狗,免费,西门免费停车,头条,2026-07-28,,低,2
亦庄滨河森林公园,park,北京,大兴区,,可遛狗,免费,长步道+塑胶跑道,头条,2026-07-28,,低,2
金福湿地公园,park,北京,通州区,,可遛狗(可露营),免费,人少;可开车进去,头条,2026-07-28,,低,2
一尺花园(宠物主题店),cafe,上海,奉贤区,洪运路198号,,宠物友好,未知,室内外3万㎡;户外草坪超1万㎡,腾讯新闻,2026-07-28,低,1
野沪Yahoo,cafe,上海,奉贤区,江海村631号,,宠物友好,未知,奉贤优选咖啡馆,腾讯新闻,2026-07-28,低,1
漫慢宠物友好咖啡店,cafe,上海,宝山区,呼兰西路1-3号,,宠物友好,未知,户外大草坪;宠物运动会,搜狐,2026-07-28,低,1
KOI The(月亮湾宠物友好店),cafe,上海,虹口区,瑞虹路188号1层1-25室,021-65053121,宠物友好,人均26,09:30-22:00,腾讯地图,2026-07-28,低,1
wuang汪宠物友好店,cafe,上海,静安区,永源路6号B112,,宠物友好,人均49,09:00-21:30,腾讯地图,2026-07-28,低,1
CP静安(原晶品),mall,上海,静安区,愚园路68号,,室内狗狗可落地(需牵绳),未知,宠物电梯;多家宠物友好餐厅,腾讯新闻,2026-07-28,低,2
Fotografiska影像艺术中心,community,上海,静安区,光复路127号,,宠物友好,未知,四层楼;咖啡厅/餐厅/展厅对狗开放,腾讯新闻,2026-07-28,低,1
PawSmart,community,上海,静安区,裕通路89号得物线下门店,,宠物友好,未知,500平室内恒温遛狗场地,腾讯新闻,2026-07-28,低,1
哒哒爪人宠邻里空间,community,上海,虹口区,瑞虹天地月亮湾2楼,,宠物友好,未知,大型狗/脆皮狗分区;咖啡吧台,腾讯新闻,2026-07-28,低,1
LA COUR小酒馆,restaurant,上海,黄浦区,长乐路462号集社东楼1楼101室,,宠物友好,未知,西班牙餐厅;有羊驼;10:00-19:00,腾讯新闻,2026-07-28,低,1
AIRPARK人类友好公园,community,上海,黄浦区,BFC外滩金融中心B1层,,宠物友好,未知,560㎡室内撒野区;新风系统,腾讯新闻,2026-07-28,低,1
镛舍酒店,hotel,上海,静安区,,宠物友好,未知,宠尚主义主题露台房;宠物备品,头条,2026-07-28,,低,2
比斯特购物村,mall,上海,浦东新区,比斯特购物村,,宠物友好,未知,宠物推车/饮水/休息区,头条,2026-07-28,低,1
奉贤希尔顿酒店,hotel,上海,奉贤区,,宠物友好,未知,12间宠物别墅客房;宠物备品;遛狗路线/玩乐草坪,头条,2026-07-28,,低,2
阿纳迪酒店,hotel,上海,静安区,,宠物友好,未知,户外宠物友好空间;宠物专属美食;露台早午餐,头条,2026-07-28,,低,2
BFC外滩金融中心,mall,上海,黄浦区,外滩金融中心,,宠物友好(120+商户),未知,30+宠物友好餐厅+90+商店,商业地产观察,2026-07-28,低,1
西岸凤巢Al Plaza,mall,上海,徐汇区,云锦路683号,,宠物友好,未知,服务台免费租推车;三楼户外草坪公园,商业地产观察,2026-07-28,低,1
博荟广场ONE EAST,mall,上海,黄浦区,中山南一路788号,,宠物友好,未知,宠物推车/美容;萌宠市集,腾讯新闻,2026-07-28,低,1
桃源π商业广场,mall,上海,普陀区,泸定路388号,,宠物友好,未知,户外宠物乐园;爬梯/滑梯,腾讯新闻,2026-07-28,低,1
虹桥南丰城,mall,上海,长宁区,遵义路100号,,宠物友好,未知,30+宠物友好商户;生境花园,腾讯新闻,2026-07-28,低,1
苏河湾万象天地,mall,上海,静安区,,宠物友好,未知,宠物专区(鲜食/美容/寄养);80%餐饮有外摆,腾讯新闻,2026-07-28,,低,2
南翔印象城MEGA,mall,上海,嘉定区,,宠物友好(室内不落地),未知,免费推车;宠物专用电梯;6楼萌宠乐园,腾讯新闻,2026-07-28,,低,2
长宁来福士,mall,上海,长宁区,,宠物友好(室内不落地),未知,户外草坪;電力宠物百货1000㎡,腾讯新闻,2026-07-28,,低,2
龙湖金汇天街,mall,上海,奉贤区,,宠物友好(肩高<35cm),未知,奉贤首家;免费推车,头条,2026-07-28,,低,2
和平公园,park,上海,虹口区,和平公园1号口下沉式广场,,宠物友好(泊狗位),免费,4个泊狗位;代客泊狗,腾讯新闻,2026-07-28,低,1
Bijou,restaurant,上海,徐汇区,梧桐区,,宠物友好,未知,热门宠物友好餐厅,头条,2026-07-28,低,1
mignon9,restaurant,上海,徐汇区,梧桐区,,宠物友好,未知,热门宠物友好餐厅,头条,2026-07-28,低,1
sof garden,restaurant,上海,徐汇区,梧桐区,,宠物友好,未知,热门宠物友好餐厅,头条,2026-07-28,低,1
gubigubi,restaurant,上海,徐汇区,梧桐区,,宠物友好,未知,热门宠物友好餐厅,头条,2026-07-28,低,1
兰巴赫,restaurant,上海,徐汇区,梧桐区,,宠物友好,未知,热门宠物友好餐厅,头条,2026-07-28,低,1
hugo husky house,restaurant,上海,徐汇区,梧桐区,,宠物友好,未知,热门宠物友好餐厅,头条,2026-07-28,低,1
老乾杯,restaurant,上海,徐汇区,梧桐区,,宠物友好,未知,热门宠物友好餐厅,头条,2026-07-28,低,1
Onita,restaurant,上海,徐汇区,梧桐区,,宠物友好,未知,热门宠物友好餐厅,头条,2026-07-28,低,1
VITA Bistro,restaurant,上海,徐汇区,梧桐区,,宠物友好,未知,热门宠物友好餐厅,头条,2026-07-28,低,1
PPT小酒馆,restaurant,上海,徐汇区,梧桐区,,宠物友好,未知,热门宠物友好餐厅,头条,2026-07-28,低,1
Crave,restaurant,上海,徐汇区,梧桐区,,宠物友好,未知,热门宠物友好餐厅,头条,2026-07-28,低,1
LE COQ,restaurant,上海,徐汇区,梧桐区,,宠物友好,未知,热门宠物友好餐厅,头条,2026-07-28,低,1
gula,restaurant,上海,徐汇区,梧桐区,,宠物友好,未知,热门宠物友好餐厅,头条,2026-07-28,低,1
SALTYbistro,restaurant,上海,徐汇区,梧桐区,,宠物友好,未知,热门宠物友好餐厅,头条,2026-07-28,低,1
COMETA,restaurant,上海,徐汇区,梧桐区,,宠物友好,未知,热门宠物友好餐厅,头条,2026-07-28,低,1
Plusone,cafe,上海,徐汇区,梧桐区,,宠物友好,未知,热门宠物友好咖啡,头条,2026-07-28,低,1
Spot Table,cafe,上海,徐汇区,梧桐区,,宠物友好,未知,热门宠物友好咖啡,头条,2026-07-28,低,1
ese.coffee,cafe,上海,徐汇区,梧桐区,,宠物友好,未知,热门宠物友好咖啡,头条,2026-07-28,低,1
Hey Barista,cafe,上海,徐汇区,梧桐区,,宠物友好,未知,热门宠物友好咖啡,头条,2026-07-28,低,1
松茗园,cafe,上海,徐汇区,梧桐区,,宠物友好,未知,热门宠物友好咖啡,头条,2026-07-28,低,1
EAU CAFE,cafe,上海,徐汇区,梧桐区,,宠物友好,未知,热门宠物友好咖啡,头条,2026-07-28,低,1
W Coffee,cafe,上海,徐汇区,梧桐区,,宠物友好,未知,热门宠物友好咖啡,头条,2026-07-28,低,1
The Waterhouse,cafe,上海,徐汇区,梧桐区,,宠物友好,未知,热门宠物友好咖啡,头条,2026-07-28,低,1
PUYEE,cafe,上海,徐汇区,梧桐区,,宠物友好,未知,热门宠物友好咖啡,头条,2026-07-28,低,1
Hey go黑狗咖啡,cafe,上海,徐汇区,梧桐区,,宠物友好,未知,热门宠物友好咖啡,头条,2026-07-28,低,1
成都春熙路voco酒店,hotel,成都,锦江区,东大街上东大街段9号,,全房型宠物友好,300/天清洁费,10kg以内;需提前1天;全程推车或航空箱,携程,2026-07-28,高,1
成都杜甫草堂漫心府,hotel,成都,青羊区,草堂路58号,,收费携带宠物,收费,中式风格;近杜甫草堂,携程,2026-07-28,高,1
2m coffee(高新店),cafe,成都,高新区,富华南路1955号,,宠物友好,未知,有草地给狗奔跑;分了狗狗区域,网易,2026-07-28,低,1
Stamp Cafe梵壹,cafe,成都,武侯区,致民路34号附15号1栋1楼,,宠物友好,未知,欧洲街头露营风;门口草坪;10:00-19:30,搜狐,2026-07-28,低,1
canpet犬岛公园,park,成都,高新区,吉瑞二路99号保利时光里中央广场1栋1楼,,宠物友好,未知,一整栋宠物房;专属草坪和露营区;宠物必需品,网易,2026-07-28,低,1
BELLOCO倍乐,restaurant,成都,锦江区,三圣街红石柱横街10号院,,宠物友好,未知,新中式约会餐厅;提供水碗/零食/狗窝,网易,2026-07-28,低,1
绘咖啡(绘厨ON THE ROOF),cafe,成都,锦江区,总府路15号王府井影院9楼屋顶,,宠物友好,未知,屋顶露台花园;萌宠交友;宠物用水;生日派对,搜狐,2026-07-28,低,1
Pause space,cafe,成都,成华区,望平街,,宠物友好,未知,极简纯白;牛奶盒装饰;宠物喝水区,搜狐,2026-07-28,低,1
路上记忆咖啡馆,cafe,成都,武侯区,神仙树大院旁,,允许动物入内,未知,前外科医生开的;每周领养活动;西餐惊艳,咖啡笔记,2026-07-28,低,1
WORMHOLE摘星宠物友好酒馆,cafe,成都,武侯区,天府四街688号2栋L405-b,,宠物友好,人均57,06:00-02:00,腾讯地图,2026-07-28,低,1
明日巴适,mall,成都,武侯区,,宠物友好,未知,爪爪岛/DogDay宠物生活店;人宠互动,腾讯新闻,2026-07-28,,低,2
成都保利时光里,mall,成都,高新区,,宠物友好,未知,约2000㎡草坪;宠物公园;骑行友好,腾讯新闻,2026-07-28,,低,2
成都大悦城,mall,成都,武侯区,,宠物友好,未知,成都首个宠物友好MALL;饮水池/牵引绳/尿垫/拾便袋,头条,2026-07-28,,低,2
成都来福士广场,mall,成都,武侯区,,宠物友好,未知,二楼宠物乐园;宠物友好卫生间/电梯,商业地产观察,2026-07-28,,低,2
深圳蓝楹湾度假酒店,hotel,深圳,南山区,华侨城欢乐海南,,宠物友好,未知,可携带宠物同游,460.net,2026-07-28,低,1
海岸城购物中心,mall,深圳,南山区,,宠物友好(需推车),未知,租宠物用具;宠物卫生间/电梯;Manner外摆,深圳本地宝,2026-07-28,,低,2
南山万象天地,mall,深圳,南山区,,宠物友好,未知,开放式街区;可牵绳遛狗;推车租借;宠物饮水,深圳本地宝,2026-07-28,,低,2
华侨城生态绿地,park,深圳,南山区,华侨城绿地,,宠物友好,免费,大草坪遛弯天堂;绿树遮阳,深圳本地宝,2026-07-28,低,1
燕晗山郊野公园,park,深圳,南山区,,宠物友好,免费,有山有水;华侨城区域宠物友好,深圳本地宝,2026-07-28,,低,2
G&G创意社区,community,深圳,南山区,,宠物友好,未知,宠物市集/展览/电影会;咖啡餐厅允许宠物,深圳本地宝,2026-07-28,,低,2
华侨城创意文化园,community,深圳,南山区,,宠物友好,未知,餐厅商店大部分宠物友好;需牵绳,深圳本地宝,2026-07-28,,低,2
懒哈哈食 HUSKY的朋友,restaurant,深圳,南山区,欢乐海岸曲水湾畔,,宠物主题西餐厅,未知,500㎡;宠物餐厅+哈士奇狗咖;宠物营养师,460.net,2026-07-28,低,2
江潮荟,restaurant,深圳,南山区,欢乐海岸蓝楹坊6号,,宠物友好,未知,私房潮菜;推荐露台座位,460.net,2026-07-28,低,1
四季椰林椰子鸡,restaurant,深圳,南山区,华侨城益田假日广场店,,宠物友好,未知,海南椰子鸡;4个椰子一锅汤,460.net,2026-07-28,低,1
深圳来福士广场,mall,深圳,南山区,,宠物友好,未知,L5层5000㎡天台宠爱乐园;宠物饮水/冲洗/宠物袋,商业地产观察,2026-07-28,,低,2
海底捞(上河坊萌宠派对店),restaurant,深圳,宝安区,上河坊,,全国首家萌宠派对主题店,未知,新风系统/净化器;饮水碗/零食/宠物菜品,新快报,2026-07-28,低,2
星巴克宠物友好门店,cafe,全国,多城市,多地门店,,宠物友好,未知,专属座位;免费爪布奇诺;宠物饮水,新快报,2026-07-28,低,1
粤海天地,mall,广州,天河区,,宠物友好,未知,宠物节;餐厅宠物专属菜单,新快报,2026-07-28,,低,2
汉溪K11,mall,广州,番禺区,,宠物友好,未知,宠物友好主题市集;障碍赛/干饭比赛,新快报,2026-07-28,,低,2
领展广场,mall,广州,白云区,,宠物友好,未知,拍爪乐园;跳圈/隧道/秋千,新快报,2026-07-28,,低,2
天環Parc Central,mall,广州,天河区,,宠物友好,未知,萌宠乐园;跳圈/隧道/秋千,新快报,2026-07-28,,低,2
圆Cafe Round,cafe,广州,荔湾区,花地大道南鱼尾西路8号珠江钢琴创梦园2栋8楼,,室内可携带宠物,未知,现代简约高空咖啡店;中小型犬友好,头条,2026-07-28,低,2
PARKing片刻咖啡,cafe,广州,荔湾区,西村街道西增路63号T.I.T原创荟B4B5栋,,室外可携带宠物,未知,独栋别墅;户外庭院,头条,2026-07-28,低,2
Open Dog Coffee,cafe,广州,荔湾区,曼宁街1号408铺,,宠物友好,未知,狗狗主题咖啡店,头条,2026-07-28,低,1
济州岛韩餐小酒馆,restaurant,广州,番禺区,南村镇新城路4号半山创意园内103-104,,室内可携带宠物,未知,韩系小酒馆;韩餐正宗,头条,2026-07-28,低,2
苏州阳澄湖半岛重云巷街区,scenic,苏州,相城区,阳澄湖半岛重云巷,,宠物友好街区,未知,1500㎡风雨操场;800㎡潮汐戏水池;鲜食餐厅/摄影/度假酒店,新民晚报,2026-07-28,低,1
探花府花间堂,hotel,苏州,姑苏区,平江路潘氏老宅,,允许宠物入住,未知,古宅活化;文化住宿+宠物陪伴,头条,2026-07-28,低,1
WOOOOF苏式热狗店,restaurant,苏州,姑苏区,平江路卫道观前16号,,宠物友好,未知,东方美学+赛博朋克;小狗零食;定期比赛,头条,2026-07-28,低,1
虎丘湿地萌宠乐园,park,苏州,虎丘区,,宠物友好,未知,宠物游乐设施;专业驯养;周末遛狗首选,潮新闻,2026-07-28,,低,2
苏州树山村希尔顿,hotel,苏州,虎丘区,树山路88号,,收费携带宠物,350元清洁费,树山村与启龙湖;温泉;房间带阳台,携程,2026-07-28,高,1
小河公园,park,杭州,拱墅区,小河公园,,宠物友好,免费,油罐改造星巴克宠物友好店;宠物休息区;拴绳装置,潮新闻,2026-07-28,低,1
大运河杭钢公园,park,杭州,拱墅区,,宠物友好,免费,4.5万㎡中央大草坪;工业风;宠物休息区,潮新闻,2026-07-28,,低,2
金沙湖公园,park,杭州,钱塘区,,宠物友好,免费,人工沙滩/椰林步道;大片草坪,潮新闻,2026-07-28,,低,2
杭州富春山居高尔夫度假村,hotel,杭州,富阳区,富春山居,,宠物友好(怡亲联名),未知,客房萌宠主题;定制旅行礼包,腾讯新闻,2026-07-28,低,1
湖州西塞山鸿居酒店,hotel,湖州,吴兴区,,宠物友好(怡亲联名),未知,客房萌宠主题;定制旅行礼包,腾讯新闻,2026-07-28,,低,2
湖州灵粮农场,scenic,湖州,吴兴区,,宠物友好,未知,1700亩农场;宠物自由奔跑;骑马/划船/采摘,潮新闻,2026-07-28,,低,2
安吉浮云谷,scenic,安吉,安吉县,,宠物友好,未知,5万方草原;冬季嬉雪乐园;宠物专属玩雪区/运动区/医疗站,潮新闻,2026-07-28,,低,2
德清江南瑶坞旅游度假区,scenic,德清,德清县,,宠物友好,未知,萌宠能量补给站;观光车宠物友好专座,潮新闻,2026-07-28,,低,2
上海新天地朗廷酒店,hotel,上海,黄浦区,,宠物友好(怡亲联名),未知,客房萌宠主题;定制旅行礼包,腾讯新闻,2026-07-28,,低,2
南京鲁能美高梅美荟酒店,hotel,南京,建邺区,,宠物友好(怡亲联名),未知,客房萌宠主题;定制旅行礼包,腾讯新闻,2026-07-28,,低,2
三亚悦榕庄,hotel,三亚,海棠湾区,,宠物友好(怡亲联名),未知,客房萌宠主题;定制旅行礼包,腾讯新闻,2026-07-28,,低,2
崇明区宠物友好消费场景(77家),community,上海,崇明区,崇明区全域,,宠物友好(77家场景),未知,2025指引;含餐厅/咖啡/酒店/民宿/乐园,腾讯新闻,2026-07-28,低,1
MOMO park,mall,西安,雁塔区,,宠物友好,未知,宠物友好电梯/推车/用品,搜狐,2026-07-28,,低,2
西安老城根G Park,mall,西安,莲湖区,,宠物友好(户外落地行走),未知,开放式街区;宠物市集,搜狐,2026-07-28,,低,2
开元商城(西旺店),mall,西安,莲湖区,西稍门商圈,,宠物友好,未知,宠物IP西西;宠物乐园/推车/寄存/洗护中心,中国经济网,2026-07-28,低,1
源创Oya街区,community,西安,,源创Oya,,宠物友好(开放式户外),未知,宠物休息站/泊狗处;超大室外空间,搜狐,2026-07-28,低,1
时光文化主题公园,park,西安,,国营第一钟表机械厂旧址,,宠物友好,免费,红砖厂房改造;宠物休息站;泊狗处,搜狐,2026-07-28,低,1
Jill纸柚咖啡,cafe,西安,,时光文化公园,,宠物友好,未知,户外奔跑;周末一位难求,搜狐,2026-07-28,低,1
ButterCream奶油小狗,cafe,西安,,,宠物友好,未知,人宠社交空间;宠物游乐/社交/摄影/轻食,搜狐,2026-07-28,,低,2
HALLAKE浩李客(源创Oya店),cafe,西安,,源创Oya街区,,宠物友好,未知,咖啡+宠物+艺术;工业风,搜狐,2026-07-28,低,1
西安大都荟,mall,西安,,,宠物友好,未知,宠物灵感艺术节;宠物红毯秀,中国经济网,2026-07-28,,低,2
量子晨,mall,西安,,,宠物友好,未知,户外座位接受宠物;部分室内支持携宠,搜狐,2026-07-28,,低,2
创意谷,mall,西安,,,宠物友好(需牵绳),未知,开放式街区;咖啡轻食店宠物友好;宠物饮水碗,搜狐,2026-07-28,,低,2
JUST CHILL丘,cafe,重庆,渝中区,山城巷80号仁爱堂负1层,,室外可携带宠物,未知,石墙爬满白花;山城巷老巷子;09:00-18:00,头条,2026-07-28,低,2
Jeans Coffee牛仔裤咖啡,cafe,重庆,两江新区,龙山二路45号,,室内可携带宠物,未知,社区宝藏店;Dirty醇厚;08:30-18:00,头条,2026-07-28,低,2
三毛印记咖啡馆(三毛故居店),cafe,重庆,南岸区,黄桷垭老街145号,,室外可携带宠物,未知,三毛故居;暖光灯木质调;09:30-21:00,头条,2026-07-28,低,2
龙咀公园,park,重庆,,,可遛狗,免费,小众遛狗地;跑步吹风,头条,2026-07-28,,低,2
SKLP新光里,mall,重庆,两江新区,红锦大道89号,,宠物友好,未知,1楼PET PEI PARK宠物乐园;饮水机/拾便袋/拴狗桩;10:00-22:00,头条,2026-07-28,低,1
纽玩餐厅,restaurant,重庆,两江新区,SKLP新光里L4层,,宠物友好,未知,西餐厅;宠物水碗/户外座位,头条,2026-07-28,低,1
契意坊,cafe,重庆,两江新区,新光里A区1层,,宠物友好(小型犬),未知,轻食咖啡;嘉州路地铁站1号口80米,头条,2026-07-28,低,1
兔子太太,cafe,重庆,两江新区,新光里1层临街,,宠物友好,未知,甜品简餐;门口拴狗区,头条,2026-07-28,低,1
湖山咖啡店,cafe,武汉,武昌区,东湖畔,,宠物友好,未知,宠物主题拿铁;防滑地面;宠物水;营收增30-40%,腾讯新闻,2026-07-28,低,1
武商梦时代,mall,武汉,武昌区,,宠物友好,未知,宠物专属电梯/免费推车/寄存箱/户外宠物乐园,腾讯新闻,2026-07-28,,低,2
融汇广场,mall,武汉,江岸区,,宠物友好,未知,高端宠物洗护店;2000+会员,腾讯新闻,2026-07-28,,低,2
长沙万象城,mall,长沙,岳麓区,,宠物友好,未知,爪爪公园PAWPARK/爪爪广场;LG层3号口,长沙本地宝,2026-07-28,,低,2
河西王府井,mall,长沙,岳麓区,,宠物友好(中小型牵绳+嘴套),未知,大型推车;宠物饮水点;中庭绿植区/彩虹台阶,长沙本地宝,2026-07-28,,低,2
洋湖湿地公园,park,长沙,岳麓区,,可遛狗,免费,开阔草坪/绿道;白鹭塔附近;洋湖水街,长沙本地宝,2026-07-28,,低,2
西湖公园,park,长沙,岳麓区,,可遛狗,免费,百亩草坪;栖湖悦茶咖啡馆门前;人少景美,长沙本地宝,2026-07-28,,低,2
云屿星星宠物乐园,park,长沙,岳麓区,坪塘街道鹅州岛,,宠物友好,未知,3000㎡;10+只狗狗员工(收养流浪狗);10:00-20:00,长沙本地宝,2026-07-28,低,1
七只小崽宠物餐厅,restaurant,长沙,岳麓区,,宠物友好,未知,宠物餐厅(为猫狗做饭);3猫4狗服务员;12:00-21:00;15974233361,长沙本地宝,2026-07-28,,低,2
植下咖啡馆,cafe,长沙,岳麓区,,宠物友好(室内牵绳),未知,室外草坪/花园/饮水池;11:00-19:00周一休,长沙本地宝,2026-07-28,,低,2
Reservoir Dogs落水狗咖啡,cafe,天津,和平区,新华路19号,,宠物友好,未知,,大众点评,2026-07-28,中,1
一剂良方食愈身心,cafe,天津,和平区,桂林路进德里1栋底商,,宠物友好,未知,,大众点评,2026-07-28,中,1
也泖咖啡,cafe,天津,和平区,马场道34号1楼,,宠物友好,未知,,大众点评,2026-07-28,中,1
空脑袋咖啡,cafe,天津,和平区,新华路181号,,宠物友好,未知,,大众点评,2026-07-28,中,1
疯羊咖啡,cafe,天津,和平区,南市街多伦道180号,,宠物友好,未知,,大众点评,2026-07-28,中,1
MIDI张计咖啡,cafe,天津,和平区,新华路39-1号,,宠物友好,未知,,大众点评,2026-07-28,中,1
喜时咖啡,cafe,天津,河西区,四信里5-81号,,宠物友好,未知,,大众点评,2026-07-28,中,1
Z cafe,cafe,天津,河西区,四信里4号楼底商68号,,宠物友好,未知,,大众点评,2026-07-28,中,1
Fú Burger,cafe,天津,南开区,奥城商业广场C7,,宠物友好,未知,,大众点评,2026-07-28,中,1
origi terroir flavor coffee,cafe,天津,和平区,岳阳道72号,,宠物友好,未知,,大众点评,2026-07-28,中,1
PRN长期服用,cafe,天津,和平区,昆明路142号,,宠物友好,未知,,大众点评,2026-07-28,中,1
彼得叔叔coffee&bar,cafe,天津,和平区,西安道诚基中心2号楼底商A1158号,,宠物友好,未知,,大众点评,2026-07-28,中,1
也行咖啡Who care,cafe,天津,和平区,成都道81号新61号,,宠物友好,未知,,大众点评,2026-07-28,中,1
No.123 Coffee&Bar,cafe,天津,和平区,重庆道123号,,宠物友好,未知,,大众点评,2026-07-28,中,1
oui more coffee,cafe,天津,和平区,重庆道64号余5门,,宠物友好,未知,,大众点评,2026-07-28,中,1
107 house cafe,cafe,天津,和平区,重庆道107号,,宠物友好,未知,,大众点评,2026-07-28,中,1
LIME CARP,cafe,天津,和平区,重庆道24号庆王府花园对面,,宠物友好,未知,,大众点评,2026-07-28,中,1
Wesou d,cafe,天津,和平区,劝业场街鞍山道66号,,宠物友好,未知,,大众点评,2026-07-28,中,1
Normal cafe,cafe,天津,和平区,大理道65号,,宠物友好,未知,,大众点评,2026-07-28,中,1
Tw12vE Coffee,cafe,天津,和平区,中心公园南新华路128号,,宠物友好,未知,,大众点评,2026-07-28,中,1
Foca Coffee,cafe,天津,西青区,腾达东路103号,,宠物友好,未知,,大众点评,2026-07-28,中,1
R'Garde花房coffee,cafe,天津,河北区,金钟路与金田道交口昆纬路116号,,宠物友好,未知,,大众点评,2026-07-28,中,1
饽饽咖啡bobocafe,cafe,天津,和平区,五大道街道湖南路24号101,,宠物友好,未知,,大众点评,2026-07-28,中,1
Butter Park黄油公园,cafe,天津,南开区,西湖道与风荷园交口风荷园5号楼底商,,宠物友好,未知,,大众点评,2026-07-28,中,1
CHEMBOX COFFEE,cafe,天津,滨海新区,周大福金融中心商场5楼L5-501号,,宠物友好,未知,,大众点评,2026-07-28,中,1
叙cafe,cafe,天津,滨海新区,万科大都会观塘苑底商,,宠物友好,未知,,大众点评,2026-07-28,中,1
Pho You友福越南河粉,restaurant,天津,西青区,华苑产业园区开华道20号智慧山西塔1楼,,宠物友好,未知,门口宠物寄存垫;驻店大狗;11:30-21:00,头条,2026-07-28,低,1
IES Restaurant,restaurant,天津,河西区,马场道208号去未舍一层,,宠物友好,未知,主动准备宠物零食/罐头;窗边看花园,头条,2026-07-28,低,1
HOLA LA PAELLA(万象城店),restaurant,天津,河西区,乐园道万象城B1-053-2号,,室内可携带宠物,未知,西班牙菜;驻店猫咪;10:30-21:00,头条,2026-07-28,低,2
星河COCO Park,mall,厦门,思明区,,宠物友好,未知,近50家宠物友好商户;宠物固定牵引处;宠物推车,头条,2026-07-28,,低,2
厦门万象城,mall,厦门,思明区,,宠物友好(不落地),未知,宠物推车租赁;抱在怀里或推车,头条,2026-07-28,,低,2
SM新生活广场,mall,厦门,思明区,,宠物友好,未知,宠物推车租赁,头条,2026-07-28,,低,2
建发湾悦城,mall,厦门,湖里区,,宠物友好,未知,,百度,2026-07-28,,低,2
五缘湾天虹,mall,厦门,湖里区,,宠物友好,未知,,百度,2026-07-28,,低,2
海上世界,mall,厦门,湖里区,,宠物友好,未知,,百度,2026-07-28,,低,2
喜乐咖啡,cafe,厦门,湖里区,后埔东二里店,,宠物友好,未知,,百度,2026-07-28,低,1
情书咖啡,cafe,厦门,思明区,嘉禾路,,宠物友好,未知,,百度,2026-07-28,低,1
Lim coffee厘米咖啡,cafe,厦门,思明区,莲花店,,宠物友好,未知,,百度,2026-07-28,低,1
古柏咖啡,cafe,厦门,思明区,筼筜路店,,宠物友好,未知,,百度,2026-07-28,低,1
咖啡虫,cafe,厦门,思明区,莲岳路店,,宠物友好,未知,,百度,2026-07-28,低,1
里间咖啡,cafe,厦门,思明区,中山公园,,宠物友好,未知,,百度,2026-07-28,低,1
几朵moreJito coffee,cafe,厦门,思明区,,,宠物友好,未知,思明宠物友好咖啡,头条,2026-07-28,低,1
SAANCI山池咖啡,cafe,厦门,思明区,SM三期店,,宠物友好,未知,,头条,2026-07-28,低,1
筼筜印象里昂家咖啡,cafe,厦门,思明区,白鹭洲店,,宠物友好,未知,,头条,2026-07-28,低,1
dojo,cafe,厦门,思明区,龙山南路119号,,宠物友好,未知,,头条,2026-07-28,低,1
遇见西木(游艇汇店),restaurant,厦门,湖里区,游艇汇,,宠物友好,未知,,百度,2026-07-28,低,1
兴旺海鲜城(五缘湾店),restaurant,厦门,湖里区,五缘湾,,宠物友好,未知,,百度,2026-07-28,低,1
老美往事(磐基中心店),restaurant,厦门,思明区,磐基中心,,宠物友好,未知,,百度,2026-07-28,低,1
莲花公园煎蟹,restaurant,厦门,思明区,嘉莲路,,宠物友好,未知,,百度,2026-07-28,低,1
202特色大排档(洪文店),restaurant,厦门,思明区,洪文店,,宠物友好,未知,,百度,2026-07-28,低,1
厦门安达仕酒店,hotel,厦门,思明区,,宠物友好,未知,,百度,2026-07-28,,低,2
集美水秀广场,park,厦门,集美区,,可遛狗,免费,,百度,2026-07-28,,低,2
同安小坪森林公园,park,厦门,同安区,,可遛狗,免费,,百度,2026-07-28,,低,2
同安美峰体育公园,park,厦门,同安区,,可遛狗,免费,,百度,2026-07-28,,低,2
同安新城河滩公园,park,厦门,同安区,,可遛狗,免费,,百度,2026-07-28,,低,2
同安洋麻山森林公园,park,厦门,同安区,,可遛狗,免费,,百度,2026-07-28,,低,2
海沧区市民公园,park,厦门,海沧区,,可遛狗,免费,,百度,2026-07-28,,低,2
退化公园,community,厦门,思明区,,,宠物友好,未知,水泥/绿植/旧物;慢节奏;牵绳进入,头条,2026-07-28,低,1
环岛路玩月坡,park,厦门,思明区,环岛路,,可遛狗,免费,海边遛狗;沙滩撒欢;傍晚邂逅狗友,头条,2026-07-28,低,2
杉杉奥莱(中牟店),mall,郑州,中牟县,,宠物友好,未知,宠物接待站;20辆推车免押金;尿垫/捡便袋,头条,2026-07-28,,低,2
哈树cocogoplaza,restaurant,沈阳,皇姑区,鸭绿江街5-3号,,宠物友好,未知,人宠共食;宠物专属菜单;玩具区;北塔地铁站A口,头条,2026-07-28,低,1
On the Table(OTT),restaurant,沈阳,和平区,十一纬路,,宠物友好,未知,无体型限制;宠物区;免费水碗,头条,2026-07-28,低,1
巷里走Arrive&Indulge Coffee,cafe,沈阳,铁西区,南八东路42巷小七路交叉口,,宠物友好,未知,庭院氛围森系;有阿拉斯加,大众点评,2026-07-28,中,1
MS Right咖啡,cafe,沈阳,和平区,连珍巷1号,,宠物友好,未知,人宠共餐;免费围闭宠物乐园;11:00-18:00,头条,2026-07-28,低,1
沈阳杉杉奥特莱斯,mall,沈阳,,,宠物友好,未知,2号门广场草坪;推车/牵引绳/尿垫/拾便袋;宠物打卡活动,头条,2026-07-28,,低,2
沈阳新世界酒店,hotel,沈阳,,,宠物友好,未知,提供垫子/尿垫/餐具;节假日大量携宠游客入住,头条,2026-07-28,,低,2
诚萌宠物鲜食餐厅,restaurant,长春,,,宠物友好,未知,复古火车主题;300㎡封闭宠物乐园;宠物蛋糕/派对,头条,2026-07-28,,低,2
霸王茶姬(新民大街店),cafe,长春,,新民大街与惠民路交汇,,宠物友好,未知,宠物奶油杯;粘毛器/湿巾;安静角+户外区,头条,2026-07-28,低,1
新民大街宠物友好街区,community,长春,,新民大街沿线,,宠物友好,未知,泊狗位Dog Parking;户外饮水点;多家店宠物友好,头条,2026-07-28,低,1
中央大街宠物主题餐厅,restaurant,哈尔滨,道里区,中央大街66号,,宠物友好,未知,宠物专属菜单;暖色调,头条,2026-07-28,低,1
红霞街猫狗咖,cafe,哈尔滨,道里区,红霞街,,宠物友好,未知,两层千余平;60+猫30+狗;春节不打烊,头条,2026-07-28,低,1
哈尔滨极地公园喜悦境,park,哈尔滨,松北区,地铁2号线太阳岛站1号出口,,宠物友好,免费,创意休闲空间;宠物停留/互动区域;18:00-20:30夜间活动,腾讯新闻,2026-07-28,低,1
汪喵Life猫咖狗咖,cafe,石家庄,桥西区,大经街城市中坚1904,,宠物友好,人均38,猫20+只;柯基/法斗;12:00-20:00,360地图,2026-07-28,低,1
宠嘉嘉,cafe,南昌,红谷滩区,丽景路313号,,宠物友好,未知,巨无霸咖啡宠物主题馆;宠物小爪爪拿铁;地铁2号线翠苑路站,搜狐,2026-07-28,低,1
By the lake,cafe,南昌,东湖区,南湖路27号,,宠物友好,未知,迪士尼玩偶;猫老板镇店;DIY曲奇;女生友好;地铁3号线墩子塘站,搜狐,2026-07-28,低,1
爪印狗咖More go bar,cafe,南昌,红谷滩区,丰和花园C区7栋102室,,宠物友好,未知,各种狗狗来上班;咖啡/奶茶;地铁1号线卫东站,搜狐,2026-07-28,低,1
李子树下,cafe,南昌,东湖区,章江路82号,,宠物友好,未知,金毛桂圆员工;咖啡/普洱茶/乌龙茶;地铁1号线万寿宫站,搜狐,2026-07-28,低,1
有猫住,cafe,南昌,青山湖区,艾溪湖嘻街27-28栋,,宠物友好,未知,宠物冰品店;羊奶奶昔;贵州冰浆/鲜果炒冰;地铁4号线鱼尾洲站,搜狐,2026-07-28,低,1
有牧coffee,cafe,福州,鼓楼区,织缎巷68号,,宠物友好,未知,宠物菜单(狗爪布奇诺/羊羊拿铁);宠物休息区;11:00-21:30周一休,搜狐,2026-07-28,低,1
一方小院,cafe,福州,台江区,八一七中路615号,,宠物友好,未知,露营风;一店35元门票有狗;二店餐厅有猫;13:00-21:30,搜狐,2026-07-28,低,1
娜卡宠食社,restaurant,福州,,,宠物友好,未知,福州第一家宠物餐厅;粉黄装修;纯天然宠物美食;宠物聚会/生日,搜狐,2026-07-28,,低,2
柯学院,cafe,济南,历下区,世茂宽厚里三期2组团312会仙楼对面三楼,,宠物友好,人均50,柯基撸狗主题咖啡;柯基拿铁;10:00-22:00,携程,2026-07-28,高,1
毛咔咖MOORED COOL,cafe,昆明,西山区,937工业园山顶,,宠物友好,未知,室内200㎡+户外草坪2000㎡;封闭宠物区;饮水点/清洁用品,腾讯新闻,2026-07-28,低,1
梅稀奇的柯基,park,昆明,西山区,团结街道,,宠物友好,未知,20+只柯基;迷你牧场(羊/兔/猫/刺猬);烧烤/烘焙;9:00-17:30,腾讯新闻,2026-07-28,低,1
GTS coffee Roasters,cafe,贵阳,南明区,体育路10号05文体园6栋2层,,宠物可携带,未知,工业风;前店后厂;刺梨美式;11:00-19:00,腾讯新闻,2026-07-28,低,2
朴羽咖啡Whisper Heart,cafe,贵阳,南明区,南明东路12号,,宠物可携带,未知,7㎡社区小店;梧桐树下;肉桂dirty;10:30-17:00,腾讯新闻,2026-07-28,低,2
卜山艺树Art,cafe,贵阳,南明区,观水路与水东路交叉口水口寺29号院,,宠物可携带,未知,绘画+咖啡;卜山茶拿铁;11:00-23:00,腾讯新闻,2026-07-28,低,2
泊森POSSION COFFE,cafe,贵阳,花溪区,清华路16号,,室外可携带宠物,未知,花溪拿铁(荔枝燕麦奶+折耳根);10:30-21:30,腾讯新闻,2026-07-28,低,2
小狗·莱坞,cafe,贵阳,南明区,青云市集,,宠物友好,未知,猫狗异宠;阿拉斯加/金毛/腊肠/柯基;蛇/守宫/龙猫;拍照,头条,2026-07-28,低,1
衔雪·猫咖啡,cafe,贵阳,南明区,富水南路,,宠物友好,未知,复古格调;缅因/布偶/金渐层;补光灯/手机支架,头条,2026-07-28,低,1
花漫川,cafe,贵阳,,,宠物友好,未知,森林花房;多彩贵州城;规划宠物草坪区;小狗饼干/宠物奶油,头条,2026-07-28,,低,2
霸王茶姬(民歌湖宠物店),cafe,南宁,青秀区,民歌湖国际音乐小镇,,宠物友好(广西首家),未知,独立猫寄存柜;宠物奶油杯;水碗+湿巾;超大阳光草坪,10100,2026-07-28,低,1
在山里,cafe,南宁,青秀区,青山北路5号,,宠物友好,未知,泊狗位;爪爪屋宠物游乐区;狗狗巴士手绘墙,10100,2026-07-28,低,1
阿宝之家BBQ,restaurant,南宁,青秀区,内街文化创意园,,宠物友好,未知,萨摩耶/金毛/法斗营业;室外帐篷;自制狗狗零食,10100,2026-07-28,低,1
星巴克(华润幸福里店),cafe,南宁,青秀区,华润幸福里,,宠物友好,未知,室外狗狗休息区;免费爪布奇诺;无浓缩美式,10100,2026-07-28,低,1
joie cafe简伊咖啡,cafe,乌鲁木齐,新市区,安宁渠镇桃溪一街2-96号,,宠物友好(不限体型),未知,前后院室外区;免费纸杯饮水;宠物乐园(待开放);玛格丽特披萨,澎湃,2026-07-28,低,1
OH HOO COFFEE,cafe,乌鲁木齐,沙依巴克区,克拉玛依西街74号,,宠物友好,未知,100㎡面向宠物;阿拉斯加店狗;特调乍见之欢;10:00-20:00,澎湃,2026-07-28,低,1
大山小舍,cafe,乌鲁木齐,乌鲁木齐县,水西沟镇平西梁村52号,,宠物友好,未知,民宿+咖啡;10只猫2只狗1只小羊;宠物礼包/宠物早餐,澎湃,2026-07-28,低,1
CCMALL商场,mall,乌鲁木齐,天山区,光明路39号,,宠物友好,未知,可自带推车;租车押金500;提供尿垫;无时间限制,小红书,2026-07-28,中,1
品秀咖啡,cafe,乌鲁木齐,天山区,CCMALL时代广场一层,,宠物友好,人均25,爪布奇诺/无浓缩美式;宠物专属菜单,小红书,2026-07-28,中,1
花棠院民宿,hotel,乌鲁木齐,乌鲁木齐县,水西沟闸滩村南河路南十五巷9号,,宠物友好,未知,店主养宠;院内大场地;近丝路滑雪场,小红书,2026-07-28,中,1
古奈电影酒店,hotel,乌鲁木齐,,玄武湖路宝能城9号楼14层,,宠物友好,人均200+押金200,电影主题酒店,小红书,2026-07-28,中,1
折罗曼主题酒店,hotel,乌鲁木齐,,玄武湖路宝能城2号公寓6号楼4层,,宠物友好,人均200,主题酒店;宠物无需另交押金,小红书,2026-07-28,中,1
爱聚花园咖啡厅,cafe,乌鲁木齐,,,宠物友好(户外庭院),未知,小型宠物可进户外庭院;10:00-22:00;停车补贴,头条,2026-07-28,,低,2
泊青隐舍美宿,hotel,呼和浩特,,,宠物友好,押金+清洁费,侘寂风民宿;自带小院;原木装修;免费停车;近万达,新浪,2026-07-28,,低,2
小胆儿厨房,cafe,呼和浩特,,,宠物友好,未知,田园风小院;室外座位;火锅/甜品;宠物水盆/零食,新浪,2026-07-28,,低,2
塞上老街步行街,community,呼和浩特,玉泉区,大召寺外,,可带宠逛街,未知,青石板古街;红墙白塔;内蒙文创/奶食小店;人多需牵绳,新浪,2026-07-28,低,2
HeyBye黑白咖啡,cafe,西宁,城中区,东大街41号西宁印象1层008,,宠物友善,未知,有店狗;牦牛奶dirty;09:00-19:00;周末12:00-19:00,携程,2026-07-28,高,2
太原万象城,mall,太原,,太原万象城,,宠物友好(肩高<40cm),未知,入口有宠物友好公约;内部友好店铺,新浪,2026-07-28,低,1
太原茂业,mall,太原,,太原茂业,,宠物友好,未知,可带狗狗逛,新浪,2026-07-28,低,1
太原昌盛万达广场,mall,太原,小店区,,宠物友好,未知,呼噜岛宠物友好空间;跨栏/钻洞/橡胶跑道;网红拍照;多功能清洁;萌宠运动会,中国科技,2026-07-28,,低,2
甬江烟火,restaurant,太原,,万象城内,,宠物友好,未知,,新浪,2026-07-28,低,1
白石深夜食堂,restaurant,太原,,茂业内,,宠物友好,未知,,新浪,2026-07-28,低,1
大隐炭烧,restaurant,太原,,省展览馆区域,,宠物友好,未知,,新浪,2026-07-28,低,1
兰州万象城,mall,兰州,城关区,,宠物友好,未知,宠物推车累计借出4300+次;外地携宠游客打卡点,腾讯新闻,2026-07-28,,低,2
城关万达,mall,兰州,城关区,,宠物友好(肩高<45cm体重<15kg),未知,户外区宠物友好海报,腾讯新闻,2026-07-28,,低,2
兰州中心,mall,兰州,,兰州中心,,宠物友好,未知,宠物推车租赁,腾讯新闻,2026-07-28,低,1
兰州吾悦广场,mall,兰州,,兰州吾悦广场,,宠物友好,未知,宠物推车租赁,腾讯新闻,2026-07-28,低,1
亚欧大酒店,hotel,兰州,,亚欧大酒店,,宠物友好,未知,2个月76位旅客带宠入住;一次性隔尿垫/喝水盆;按需布置房间,腾讯新闻,2026-07-28,低,1
兰州老街十二宠,community,兰州,,兰州老街,,宠物友好,未知,宠物社交融合业态;休闲/餐饮/咖啡/美容/寄养/售卖,腾讯新闻,2026-07-28,低,1
cdf海口国际免税城,mall,海口,秀英区,,宠物友好,未知,L1超能猫空间250㎡(50+只猫);B2萌宠乐园300㎡;宠物爱心包;18家餐饮宠物友好,中新网,2026-07-28,,低,2
龙湖海南海口天街,mall,海口,,龙湖海南海口天街,,宠物友好,未知,多家宠物主题店铺;解压体验宠物限时陪伴,海口文明网,2026-07-28,低,1
柴汇狗咖刺猬猫萌宠主题馆,cafe,合肥,庐阳区,逍遥津街道中菜市团结巷C块综合楼4号,,宠物友好,未知,柴犬亲人;刺猬/猫;特调拿铁/爪印曲奇;12:30开始营业,携程,2026-07-28,高,1
有柴咖啡(罍街店),cafe,合肥,包河区,罍街,,宠物友好,未知,柴犬周边;宠物小甜品;巧克力巴斯克;建议15:00前去,携程,2026-07-28,高,1
合肥商业综合体(瑶海区),mall,合肥,瑶海区,,可带狗(牵绳),未知,发清洁包;餐厅可带宠安排包间/单独区域,极目新闻,2026-07-28,,低,2
一丢丢咖啡馆,cafe,银川,,,宠物友好,未知,绿植环绕;两层+天井;露营椅;玉兰花美式;卡皮巴拉蛋糕;提拉米苏,银川晚报,2026-07-28,,低,2
拉萨宠物友好(数据待补充),community,拉萨,,,待补充,未知,拉萨宠物友好数据较少，建议通过大众点评/小红书搜索补充,暂无,2026-07-28,,低,2
狗窝窝Gowow宠物幼稚园,cafe,青岛,市南区,,,宠物友好,未知,独栋别墅;羊驼+约克夏/泰迪/比熊/柴犬/柯基/哈士奇/拉布拉多;猫咪区;通票含电玩;地铁2号线芝泉路站,大众点评,2026-07-28,中,1
Moring Coffee,cafe,青岛,市南区,福山路51号,,室内可带狗拍照,未知,环境适合拍照;室外空间较小,百度,2026-07-28,低,2
白束咖啡,cafe,青岛,市南区,太平洋中心小区内,,宠物友好,未知,门口小草坪;老板养狗,百度,2026-07-28,低,1
久仰咖啡,cafe,青岛,崂山区,东海东路酒吧街56-9号,,宠物友好,未知,两层;一楼狗撒欢;二楼拍照;宠物友好标志显眼,百度,2026-07-28,低,1
Largo咖啡,cafe,青岛,崂山区,东海东路73号石苑别墅内16号院,,宠物友好,未知,冰贝果;主动给狗提供水;宠物位置,百度,2026-07-28,低,1
18coffee&bar,cafe,青岛,城阳区,瑞阳路117号03-网点,,宠物友好,未知,薯条/黑咖啡推荐,百度,2026-07-28,低,1
鲸落咖啡,cafe,青岛,黄岛区,S399东环岛路金沙了驿站1号,,宠物友好,未知,带上快乐小狗去,百度,2026-07-28,低,1
SOF CAFE,cafe,青岛,,,宠物友善,未知,180度无敌海景;落地玻璃;水碗/零食;原木水泥设计;Brunch,hopegoo,2026-07-28,,低,2
黄岛金沙滩希尔顿酒店,hotel,青岛,黄岛区,,宠物房(清洁费),清洁费,食盆/笼子/小院;对面金沙滩;遛狗方便,百度,2026-07-28,,低,2
The Sablon,restaurant,青岛,市南区,八大关,,宠物友好,未知,院内停车;赠送自制小狗零食,百度,2026-07-28,低,1
Sky Lounge咖啡,cafe,青岛,崂山区,极地海洋世界旁,,宠物友好,未知,简餐供应,百度,2026-07-28,低,1
17咖啡馆,cafe,烟台,莱山区,巨浪国际沙滩公园海边沙滩,,允许宠物进入,未知,海景咖啡;停狗区;收留流浪狗;援助流浪动物,头条,2026-07-28,低,1
猫小院咖餐吧,cafe,大连,沙河口区,中山路427号,,宠物友好,未知,近20只猫自由互动;饮品带盖防毛;富国街地铁站对面,头条,2026-07-28,低,1
c咪宠物咖啡,cafe,大连,中山区,鲁迅路100号良运四季汇太阳街14-4,,宠物友好,未知,萌宠主题;音乐咖啡;可带宠,头条,2026-07-28,低,1
大理黄金时光落日海景酒店(洱海店),hotel,大理,,洱海边,,宠物友好(标杆级),未知,宠物欢迎礼包(垫子/零食/便袋/湿巾/尿垫);独立小院;宠物围栏/猫爬架;宠物早餐(鸡肉/西兰花/胡萝卜);咖啡厅+餐厅,新浪,2026-07-28,低,1
庭冉云居酒店(七星公园店),hotel,桂林,七星区,穿山街道自由路5号,,宠物友好,未知,锦江旗下中高端国风度假;紧邻七星公园;无边山景泳池;全屋智能,hotelincn,2026-07-28,低,1
归途悠悠小筑(阳朔西街店),hotel,桂林,阳朔县,阳朔西街,,宠物友好,未知,评分9.1;步行可达府前巷,携程,2026-07-28,高,1
竹木思雨客栈(两江四湖象山公园店),hotel,桂林,象山区,,宠物友好,未知,评分9.4;近李宗仁官邸;叫车服务/门禁/保险箱,携程,2026-07-28,,低,2
珠海希尔顿酒店,hotel,珠海,湾仔区,,宠物友好,未知,专属宠物旅行家客房(零食/清洁工具/睡窝);H Coffee宠物鲜食;璟湾中餐厅/SKY2989星空吧宠物友好区域,腾讯新闻,2026-07-28,,低,2
北戴河猫宅咖啡民宿,hotel,秦皇岛,北戴河区,,允许携带宠物(50元/只/天),50元/只/天,18间客房;5只猫;海边生活第十年;夫妻亲手装修;14:00-24:00入住,携程,2026-07-28,,低,2
Wagtail Lodge云汐萌宠骑行客栈(束河古镇店),hotel,丽江,束河古镇,,允许携带猫免费,免费,院子2只狗;咖啡厅;步行8分钟到束河古镇;全屋智能;干湿分离,携程,2026-07-28,,低,2
桃花坞丽江雪山秘境野奢度假酒店,hotel,丽江,玉龙县,大具乡甲子村,,欢迎宠物入住,298元,4星;评分9.6;玉龙雪山旁;骑马/划船/皮划艇;日照金山,携程,2026-07-28,高,2
江南设计师私享咖啡景观美宿(古城大水车店),hotel,丽江,古城区,,允许携带狗猫免费,免费,2025开业;11间;步行2分钟古城;侘寂风;100寸幕布;茶室/花园/楼顶观景台,携程,2026-07-28,,低,2
花筑鲤遇璞舍(西街开元寺店),hotel,泉州,鲤城区,承天巷沟尾下16号,,宠物友好(免费带宠入住),免费,315元起;苏牧坐镇;步行5分钟西街;原木风;投影;咖啡厅/茶室,大众点评,2026-07-28,中,1
泉州鲤舍(西街古城店),hotel,泉州,鲤城区,南岳后街44-1,,宠物友好,未知,评分4.7;本店拉布拉多+狸花猫;步行可到关岳庙/古城;管家服务,携程,2026-07-28,高,1
管溪里村咖,cafe,绍兴,上虞区,丁宅村,,允许携带，有停狗场,消费制,开阔草坪任宠物奔跑、停狗场宠物休息处、ins风装置；小红书推荐,小红书,2026-08-12,中,1
半山集盒Coffee&Shop,cafe,绍兴,上虞区,,,允许携带，有宠物停放处,消费制,党校改造咖啡店、绍兴首家小红书宠物友好门店,小红书,2026-08-12,中,1
懒船咖啡,cafe,绍兴,,,,允许携带,消费制,水上咖啡店、大片草地供宠物撒野、草坪无泥土,小红书,2026-08-12,中,1
兰亭璞燊酒店,hotel,绍兴,柯桥区/会稽山,会稽山脚下,,宠物友好房（需预订）,300元/次,9.2公顷江南秘境、负氧离子高、隐世度假,小红书,2026-08-12,高,1
大禹开元观堂,hotel,绍兴,会稽山,大禹陵景区旁,,一期客房可带宠物,免费,传统江南古村落、偶遇小羊；餐厅泳池等公共场所不可带、需牵绳或手抱,小红书,2026-08-12,高,1
东山大观,hotel,绍兴,上虞区,东山湖风景区大观路88号,,全程宠物友好,300元/次,宠物友好天花板、餐厅/草坪/游船全开放、免费提供宠物窝+玩具+饮水碗、可带狗坐船逛博物馆喂锦鲤,小红书,2026-08-12,高,1
环球恐龙城,scenic,常州,新北区,,,官方宠物友好景区,门票制,常州首批宠物友好景区,小红书/常州文旅,2026-08-12,高,1
东方盐湖城,scenic,常州,金坛区,,,官方宠物友好景区,门票制,常州首批宠物友好景区,小红书/常州文旅,2026-08-12,高,1
茅山森林世界,scenic,常州,金坛区,,,官方宠物友好景区,门票制,常州首批宠物友好景区,小红书/常州文旅,2026-08-12,高,1
芥舟·长山行舍,hotel,常州,新北区/舜山,,,宠物友好民宿,200元/次,常州首批宠物友好民宿、园林风格、宠物早餐,小红书/常州文旅,2026-08-12,中,1
天目湖涵田度假村,hotel,常州,溧阳市,天目湖畔,,需订宠物房,需咨询,宠物房连通湖边栈道、私享天目湖美景,小红书,2026-08-12,高,1
舜山花间府·怀槿,hotel,常州,新北区/舜山,,,宠物友好,200元/次,坐落舜山镇、园林风格、宠物早餐,小红书,2026-08-12,中,1
花开西庄,community,常州,,,,宠物友好村庄,免费,常州首批宠物友好村庄,小红书/常州文旅,2026-08-12,中,1
江南环球港,mall,常州,新北区,,,宠物友好商场,免费,常州首批宠物友好商场,小红书/常州文旅,2026-08-12,高,1
万象城(常州),mall,常州,,,,宠物友好商场,免费,常州首批宠物友好商场,小红书/常州文旅,2026-08-12,高,1
飞龙吾悦,mall,常州,新北区,,,宠物友好商场,免费,常州首批宠物友好商场,小红书/常州文旅,2026-08-12,高,1
象山枇杷谷宋韻酒店,hotel,宁波,象山县,影视城附近,,允许携带,50元/次,入住送象山红美人,小红书,2026-08-12,中,1
宁波鄞州希尔顿惠庭,hotel,宁波,鄞州区,,,允许携带,200元/次,2025年新开、市区地理位置好,小红书,2026-08-12,高,1
餘姚陽明溫泉山莊,hotel,宁波,余姚市,,,允许携带,200元/次,性价比高、杨梅树下温泉,小红书,2026-08-12,中,1
湖州十里芳菲香積嶺村落,hotel,湖州,吴兴区,西塞山,,允许携带,300元/次,古诗里的西塞山、茶经撰写地、别墅房型,小红书,2026-08-12,中,1
湖州臻隱錦繡度假酒店,hotel,湖州,吴兴区,西山漾湿地旁,,允许携带,300元/次,唐风别墅、活动丰富,小红书,2026-08-12,中,1
長興花間堂·沂水,hotel,湖州,长兴县,,,允许携带,200元/次,宠物早餐、门前小溪、大草坪,小红书,2026-08-12,中,1
南潯花間堂·求恕里,hotel,湖州,南浔区,南浔古镇,,允许携带,200元/次,南浔古镇绝佳位置、中西合璧老宅子,小红书,2026-08-12,中,1
安吉山非山度假酒店,hotel,湖州,安吉县,七星谷漂流旁,,允许携带,200元/次,竹山竹海、云上草坪,小红书,2026-08-12,中,1
湖州太湖喜來登,hotel,湖州,度假区,太湖边,,允许携带,1000元/次,露台美景、太湖地标,小红书,2026-08-12,高,1
常熟尚湖花間府·煙波里,hotel,苏州,常熟市,尚湖景区内,,允许携带,200元/次,尚湖景区里、中式风格、宠物早餐,小红书,2026-08-12,中,1
陽澄半島英迪格酒店,hotel,苏州,昆山市,阳澄湖畔,,允许携带,300元/次,别墅房型、大草坪、独享阳澄湖美景,小红书,2026-08-12,中,1
澱山湖雅樂軒酒店,hotel,苏州,昆山市,淀山湖畔,,允许携带,150元/次,湖景房看日落、2025年新开、适合沿湖骑行,小红书,2026-08-12,中,1
上海太陽島度假酒店,hotel,上海,青浦区,,,需订宠物房,需咨询,别墅房型、宠物乐园、湖边美景,小红书,2026-08-12,高,1
松江廣富林希爾頓酒店,hotel,上海,松江区,广富林,,需订宠物房,需咨询,独享广富林美景、入住小狗有单独宠物推车,小红书,2026-08-12,高,1
無名Coffee,cafe,上海,黄浦区,南昌路,,宠物友好,消费制,进店提供温热水碗、免费三文鱼冻干礼包、隐藏款汪之喜悦羊奶特调酸奶杯、非高峰期可在店内探索,小红书,2026-08-12,高,1
野空间·森林咖啡·西餐,cafe,上海,闵行区,联建路联民村六组内,,宠物友好,消费制,森林咖啡馆、绿树成荫不晒、店内有水碗和停狗位、有驱蚊用品、汉堡披萨轻食,小红书,2026-08-12,中,1
海湾森林公园,park,上海,奉贤区,海湾镇随塘河路1677号,,允许携带宠物,门票制,沪上最大人工生态林、可带狗狗划船露营、800米林间步道热身、大草坪人少清净可自由社交,小红书,2026-08-12,高,1
徐汇滨江,park,上海,徐汇区,龙美术馆至西岸梦中心,,宠物友好绿地,免费,超长滨江步道、人宠分流设计、西岸梦中心多家宝藏小店可带宠、首家宠物主题邮局、龙美术馆狗狗公园,小红书,2026-08-12,高,1
崇明东滩(东平国家森林公园),park,上海,崇明区,东平国家森林公园,,宠物友好景区,门票制,刚开放的宠物友好景区、地广人稀、水杉林荷花池紫藤长廊大草坪、适合人宠飞盘运动,小红书,2026-08-12,高,1
無錫陽山花間堂·桃花島,hotel,无锡,惠山区,阳山脚下,,允许携带,200元/次,免费游览桃花岛、创意宠物小日子活动,小红书,2026-08-12,中,1
秘境·三清宮聖地酒店,hotel,上饶,玉山县,三清山顶,,允许携带,免费,三清山顶唯一宠物友好、原木风、看日出日落超方便,小红书,2026-08-12,中,1
西塘樂慕兒民宿,hotel,嘉兴,嘉善县,西塘,,允许携带,80元/次,自带12万平有机牧場、小狗玩疯,小红书,2026-08-12,中,1
HZ! Puppy Café 不错的小狗咖啡,cafe,北京,石景山区,郎园Park内/上庄大街东侧朗园平房N1005,,宠物友好优先接待,消费制,奶油风治愈空间、超大室外封闭草坪可跑酷、安全围栏+宠物纸尿裤、宠物零食周边销售、试营业8.8折,小红书,2026-08-12,高,1
丹霞灵溪森林度假景区,scenic,韶关,仁化县,,,全程宠物友好,门票制,可带狗坐彩虹缆车、体验森林小火车、草野射箭泛舟游湖、可带宠物漂流、必须全程牵绳,小红书,2026-08-12,高,1
水口未来公园,park,韶关,浈江区,新韶镇水口未来公园,,允许携带,免费,农文旅微度假目的地、田园江景古树人文景点、宫崎骏世界感、免费开放露营拍照,小红书,2026-08-12,中,1
摩尔城商业中心,mall,韶关,浈江区,摩尔城商业中心,,宠物友好商圈,免费,韶关首个宠物友好商圈、专属宠物推车+牵引绳出租、积分兑换宠物用品、4楼宠物游乐场、宠物友好电梯标识,小红书,2026-08-12,高,1
曼禾间·咖啡·甜品,cafe,广州,白云区,同和街道南湖中路1号,,中小型宠物可入店,消费制,近南湖、室外大草坪足够玩耍、法式花园打卡点、可交朋友,小红书,2026-08-12,中,1
无限极广场,mall,广州,白云区,云城南二路2号(飞翔公园地铁站C口),,全公域可携宠进入,免费,白云区唯一萌宠园·趣野广州宠物友好商场、近1000㎡户外大草坪、可借推车牵引绳饮水碗嘴套、10+宠物友好商户、Pawpawstar人宠社交中心、爱宠奇遇堡乐园,小红书,2026-08-12,高,1
京溪生态公园,park,广州,白云区,犀牛角山(沙太北路金湖·翡翠山东侧),,允许携带,免费,0元野趣绿野仙踪携宠吸氧、12KM徒步大环线、步道平缓斜坡、地铁直达,小红书,2026-08-12,中,1
Un:no coffee,cafe,广州,荔湾区,文化公园站D出口步行80m,,宠物友好,消费制,韩风咖啡馆、店员喜欢小动物会主动问要不要给狗狗准备水、人均40+套餐超值,小红书,2026-08-12,中,1
HX咖啡,cafe,广州,荔湾区,光复北路麻纱巷1号首层,,允许携带宠物,消费制,收养流浪猫狗、酷炫装修风格,小红书,2026-08-12,中,1
MOMO park,mall,西安,雁塔区,,,宠物友好,免费,西安最具艺术气息购物中心之一、宠物友好电梯/宠物推车/宠物用品、适合中小型宠物,小红书,2026-08-12,高,1
西安老城根 G Park,mall,西安,莲湖区,,,开放式街区宠物友好,免费,开放街区设计、户外牵绳可自由落地行走、经常举办宠物市集,小红书,2026-08-12,高,1
Jill纸柚咖啡,cafe,西安,,时光文化公园,,宠物友好,消费制,精致饮品餐食、户外奔跑空间、周末一位难求,小红书,2026-08-12,中,1
ButterCream奶油小狗,community,西安,,,,专业人宠社交空间,消费制,集宠物游乐/社交互动/主题摄影/轻食餐饮于一体的综合性狗狗乐园,小红书,2026-08-12,高,1
HALLAKE浩李客(源创Oya店),cafe,西安,,源创Oya街区,,宠物友好,消费制,工业风+宠物友好街区、广阔公共开放空间牵绳落地行走、咖啡+宠物+艺术第三空间,小红书,2026-08-12,中,1
坡峰cafe,cafe,北京,房山区,周口店镇黄山店村坡峰岭景区内,13801031527,仅咖啡馆区域可带宠物,消费制+景区门票,藏在坡峰岭景区内、原木风房屋直面山谷、雨天看云雾漫山、红宝石冰美式招牌,小红书,2026-08-12,中,2
圣水莲庭民宿,hotel,北京,房山区,深山中,,宠物友好民宿,需咨询,独立庭院每栋小院、狗狗可自由奔跑、佛系度假,小红书,2026-08-12,中,1
北京熙悦天街,mall,北京,房山区,长于大街28号院,010-60308777,全场景宠物友好商圈,免费,房山首个宠物友好商场、A馆B1层宠物专属卫生间、宠物友好电梯、宠物友好公约,小红书,2026-08-12,高,1
CacheCoffee珈事咖啡(望海店),cafe,深圳,南山区,望海路楓葉望海公館A座01室,18938889025,寵物友善,消费制,门口放狗狗水碗、店员主动指引、花生醬三明治和芝士厚蛋三明治巨扎实,小红书/大众点评,2026-08-12,高,1
CHOISAN丘山咖啡(設計公社店),cafe,深圳,南山区,興科路萬科雲城設計公社B5區B506號,19129459072,寵物友善,消费制,狗子备了水碗、外摆区秋日感、开心果巴斯克甜度拿捏好,小红书/大众点评,2026-08-12,高,1
Woah Cafe别墅狗咖店,cafe,深圳,福田区,沙头街道新洲南村,,宠物互动体验,套票193元,独栋别墅改造、柴犬边牧博美金毛拉布拉多10余种狗狗驻场、双人参狗套票含2杯饮品+宠物零食+无限时互动,小红书,2026-08-12,高,1
Saanci山池,cafe,深圳,南山区,海上世界文化艺术中心1楼,,宠物友好,消费制,日系侘寂风、无敌海景露台、云南精品豆手冲、白桃荔枝清新饮品,小红书,2026-08-12,高,1
Around Me屋簷咖啡,cafe,深圳,南山区,汕头街21号(华侨城文创园附近),,宠物友好,消费制,花园式庭院+韩系ins风、藻抹茶拿铁/炭粉拿铁、香水柠檬蛋糕造型吸睛,小红书,2026-08-12,中,1
Soulmade Coffee,cafe,深圳,福田区,,,宠物友好,消费制,液体柠檬派创意独特、西梅可可冷萃低咖啡因、简约温馨+户外座位,小红书,2026-08-12,中,1
莫干山裸心谷,hotel,湖州,德清县,莫干山,,宠物友好套餐,人均1k+,夯土小屋=宠物天堂、专门宠物床食盆玩具、kikaboni法餐厅米其林级料理含宠物餐、萌宠手工坊DIY、最多带两只宝、包宠物清洁费,小红书/携程,2026-08-12,高,1
